targetTime,actualGeneration
2024-01-01T00:00:00Z,10402.0
2024-01-01T00:30:00Z,10845.0
2024-01-01T01:00:00Z,11218.0
2024-01-01T01:30:00Z,11223.0
2024-01-01T02:00:00Z,11234.0
2024-01-01T02:30:00Z,11437.0
2024-01-01T03:00:00Z,11434.0
2024-01-01T03:30:00Z,11445.0
2024-01-01T04:00:00Z,11828.0
2024-01-01T04:30:00Z,11878.0
2024-01-01T05:00:00Z,12037.0
2024-01-01T05:30:00Z,12011.0
2024-01-01T06:00:00Z,12044.0
2024-01-01T06:30:00Z,12183.0
2024-01-01T07:00:00Z,12303.0
2024-01-01T07:30:00Z,12307.0
2024-01-01T08:00:00Z,12361.0
2024-01-01T08:30:00Z,12218.0
2024-01-01T09:00:00Z,12017.0
2024-01-01T09:30:00Z,11817.0
2024-01-01T10:00:00Z,11379.0
2024-01-01T10:30:00Z,10932.0
2024-01-01T11:00:00Z,10679.0
2024-01-01T11:30:00Z,10217.0
2024-01-01T12:00:00Z,9828.0
2024-01-01T12:30:00Z,9548.0
2024-01-01T13:00:00Z,8874.0
2024-01-01T13:30:00Z,8495.0
2024-01-01T14:00:00Z,8058.0
2024-01-01T14:30:00Z,8098.0
2024-01-01T15:00:00Z,8162.0
2024-01-01T15:30:00Z,8058.0
2024-01-01T16:00:00Z,8634.0
2024-01-01T16:30:00Z,9091.0
2024-01-01T17:00:00Z,9204.0
2024-01-01T17:30:00Z,9290.0
2024-01-01T18:00:00Z,9665.0
2024-01-01T18:30:00Z,10443.0
2024-01-01T19:00:00Z,11212.0
2024-01-01T19:30:00Z,12055.0
2024-01-01T20:00:00Z,12519.0
2024-01-01T20:30:00Z,13279.0
2024-01-01T21:00:00Z,13953.0
2024-01-01T21:30:00Z,13845.0
2024-01-01T22:00:00Z,14217.0
2024-01-01T22:30:00Z,14306.0
2024-01-01T23:00:00Z,14958.0
2024-01-01T23:30:00Z,14666.0
2024-01-02T00:00:00Z,14690.0
2024-01-02T00:30:00Z,14510.0
2024-01-02T01:00:00Z,14592.0
2024-01-02T01:30:00Z,14388.0
2024-01-02T02:00:00Z,14032.0
2024-01-02T02:30:00Z,13748.0
2024-01-02T03:00:00Z,13403.0
2024-01-02T03:30:00Z,13232.0
2024-01-02T04:00:00Z,13245.0
2024-01-02T04:30:00Z,13041.0
2024-01-02T05:00:00Z,12635.0
2024-01-02T05:30:00Z,12711.0
2024-01-02T06:00:00Z,12764.0
2024-01-02T06:30:00Z,12323.0
2024-01-02T07:00:00Z,11925.0
2024-01-02T07:30:00Z,11711.0
2024-01-02T08:00:00Z,11866.0
2024-01-02T08:30:00Z,12035.0
2024-01-02T09:00:00Z,11505.0
2024-01-02T09:30:00Z,10760.0
2024-01-02T10:00:00Z,10399.0
2024-01-02T10:30:00Z,9546.0
2024-01-02T11:00:00Z,8795.0
2024-01-02T11:30:00Z,8667.0
2024-01-02T12:00:00Z,8281.0
2024-01-02T12:30:00Z,7557.0
2024-01-02T13:00:00Z,7344.0
2024-01-02T13:30:00Z,7180.0
2024-01-02T14:00:00Z,7249.0
2024-01-02T14:30:00Z,7672.0
2024-01-02T15:00:00Z,7870.0
2024-01-02T15:30:00Z,8115.0
2024-01-02T16:00:00Z,8208.0
2024-01-02T16:30:00Z,8935.0
2024-01-02T17:00:00Z,9635.0
2024-01-02T17:30:00Z,9771.0
2024-01-02T18:00:00Z,10183.0
2024-01-02T18:30:00Z,10043.0
2024-01-02T19:00:00Z,9919.0
2024-01-02T19:30:00Z,10271.0
2024-01-02T20:00:00Z,11051.0
2024-01-02T20:30:00Z,11338.0
2024-01-02T21:00:00Z,11263.0
2024-01-02T21:30:00Z,11467.0
2024-01-02T22:00:00Z,11480.0
2024-01-02T22:30:00Z,11364.0
2024-01-02T23:00:00Z,10992.0
2024-01-02T23:30:00Z,10922.0
2024-01-03T00:00:00Z,10672.0
2024-01-03T00:30:00Z,10530.0
2024-01-03T01:00:00Z,10293.0
2024-01-03T01:30:00Z,10418.0
2024-01-03T02:00:00Z,10226.0
2024-01-03T02:30:00Z,9940.0
2024-01-03T03:00:00Z,10059.0
2024-01-03T03:30:00Z,9889.0
2024-01-03T04:00:00Z,9599.0
2024-01-03T04:30:00Z,9680.0
2024-01-03T05:00:00Z,9463.0
2024-01-03T05:30:00Z,9484.0
2024-01-03T06:00:00Z,9387.0
2024-01-03T06:30:00Z,9326.0
2024-01-03T07:00:00Z,8927.0
2024-01-03T07:30:00Z,8565.0
2024-01-03T08:00:00Z,8396.0
2024-01-03T08:30:00Z,7841.0
2024-01-03T09:00:00Z,7245.0
2024-01-03T09:30:00Z,6934.0
2024-01-03T10:00:00Z,6794.0
2024-01-03T10:30:00Z,6620.0
2024-01-03T11:00:00Z,6484.0
2024-01-03T11:30:00Z,6258.0
2024-01-03T12:00:00Z,6200.0
2024-01-03T12:30:00Z,6088.0
2024-01-03T13:00:00Z,5823.0
2024-01-03T13:30:00Z,5825.0
2024-01-03T14:00:00Z,5928.0
2024-01-03T14:30:00Z,5826.0
2024-01-03T15:00:00Z,6052.0
2024-01-03T15:30:00Z,6367.0
2024-01-03T16:00:00Z,6591.0
2024-01-03T16:30:00Z,6805.0
2024-01-03T17:00:00Z,7044.0
2024-01-03T17:30:00Z,7119.0
2024-01-03T18:00:00Z,7192.0
2024-01-03T18:30:00Z,7171.0
2024-01-03T19:00:00Z,7131.0
2024-01-03T19:30:00Z,7150.0
2024-01-03T20:00:00Z,7039.0
2024-01-03T20:30:00Z,7005.0
2024-01-03T21:00:00Z,6945.0
2024-01-03T21:30:00Z,6773.0
2024-01-03T22:00:00Z,6611.0
2024-01-03T22:30:00Z,6680.0
2024-01-03T23:00:00Z,6813.0
2024-01-03T23:30:00Z,6793.0
2024-01-04T00:00:00Z,7112.0
2024-01-04T00:30:00Z,7536.0
2024-01-04T01:00:00Z,7743.0
2024-01-04T01:30:00Z,8071.0
2024-01-04T02:00:00Z,8269.0
2024-01-04T02:30:00Z,8255.0
2024-01-04T03:00:00Z,8118.0
2024-01-04T03:30:00Z,7866.0
2024-01-04T04:00:00Z,7666.0
2024-01-04T04:30:00Z,7708.0
2024-01-04T05:00:00Z,7859.0
2024-01-04T05:30:00Z,8218.0
2024-01-04T06:00:00Z,8359.0
2024-01-04T06:30:00Z,8212.0
2024-01-04T07:00:00Z,7815.0
2024-01-04T07:30:00Z,7266.0
2024-01-04T08:00:00Z,6880.0
2024-01-04T08:30:00Z,6898.0
2024-01-04T09:00:00Z,6841.0
2024-01-04T09:30:00Z,6731.0
2024-01-04T10:00:00Z,6394.0
2024-01-04T10:30:00Z,6032.0
2024-01-04T11:00:00Z,5193.0
2024-01-04T11:30:00Z,4691.0
2024-01-04T12:00:00Z,4421.0
2024-01-04T12:30:00Z,4091.0
2024-01-04T13:00:00Z,3544.0
2024-01-04T13:30:00Z,3291.0
2024-01-04T14:00:00Z,3394.0
2024-01-04T14:30:00Z,3168.0
2024-01-04T15:00:00Z,2988.0
2024-01-04T15:30:00Z,3004.0
2024-01-04T16:00:00Z,3039.0
2024-01-04T16:30:00Z,3074.0
2024-01-04T17:00:00Z,3204.0
2024-01-04T17:30:00Z,3277.0
2024-01-04T18:00:00Z,3862.0
2024-01-04T18:30:00Z,4177.0
2024-01-04T19:00:00Z,4459.0
2024-01-04T19:30:00Z,4669.0
2024-01-04T20:00:00Z,4751.0
2024-01-04T20:30:00Z,5048.0
2024-01-04T21:00:00Z,5331.0
2024-01-04T21:30:00Z,5361.0
2024-01-04T22:00:00Z,5052.0
2024-01-04T22:30:00Z,5148.0
2024-01-04T23:00:00Z,5263.0
2024-01-04T23:30:00Z,5428.0
2024-01-05T00:00:00Z,5740.0
2024-01-05T00:30:00Z,5799.0
2024-01-05T01:00:00Z,5813.0
2024-01-05T01:30:00Z,6007.0
2024-01-05T02:00:00Z,5990.0
2024-01-05T02:30:00Z,6535.0
2024-01-05T03:00:00Z,6547.0
2024-01-05T03:30:00Z,6637.0
2024-01-05T04:00:00Z,6416.0
2024-01-05T04:30:00Z,6393.0
2024-01-05T05:00:00Z,6485.0
2024-01-05T05:30:00Z,7266.0
2024-01-05T06:00:00Z,7916.0
2024-01-05T06:30:00Z,8154.0
2024-01-05T07:00:00Z,8250.0
2024-01-05T07:30:00Z,8265.0
2024-01-05T08:00:00Z,8316.0
2024-01-05T08:30:00Z,8672.0
2024-01-05T09:00:00Z,8545.0
2024-01-05T09:30:00Z,8173.0
2024-01-05T10:00:00Z,8007.0
2024-01-05T10:30:00Z,7973.0
2024-01-05T11:00:00Z,8164.0
2024-01-05T11:30:00Z,8430.0
2024-01-05T12:00:00Z,8539.0
2024-01-05T12:30:00Z,8670.0
2024-01-05T13:00:00Z,8724.0
2024-01-05T13:30:00Z,8771.0
2024-01-05T14:00:00Z,8984.0
2024-01-05T14:30:00Z,8839.0
2024-01-05T15:00:00Z,8657.0
2024-01-05T15:30:00Z,8476.0
2024-01-05T16:00:00Z,8416.0
2024-01-05T16:30:00Z,8259.0
2024-01-05T17:00:00Z,7986.0
2024-01-05T17:30:00Z,7852.0
2024-01-05T18:00:00Z,7790.0
2024-01-05T18:30:00Z,7484.0
2024-01-05T19:00:00Z,7236.0
2024-01-05T19:30:00Z,7284.0
2024-01-05T20:00:00Z,7104.0
2024-01-05T20:30:00Z,6659.0
2024-01-05T21:00:00Z,6579.0
2024-01-05T21:30:00Z,6555.0
2024-01-05T22:00:00Z,6280.0
2024-01-05T22:30:00Z,6020.0
2024-01-05T23:00:00Z,5845.0
2024-01-05T23:30:00Z,5746.0
2024-01-06T00:00:00Z,5741.0
2024-01-06T00:30:00Z,5860.0
2024-01-06T01:00:00Z,5877.0
2024-01-06T01:30:00Z,6004.0
2024-01-06T02:00:00Z,6107.0
2024-01-06T02:30:00Z,6127.0
2024-01-06T03:00:00Z,6074.0
2024-01-06T03:30:00Z,5968.0
2024-01-06T04:00:00Z,5871.0
2024-01-06T04:30:00Z,5784.0
2024-01-06T05:00:00Z,5734.0
2024-01-06T05:30:00Z,5687.0
2024-01-06T06:00:00Z,5712.0
2024-01-06T06:30:00Z,5868.0
2024-01-06T07:00:00Z,6033.0
2024-01-06T07:30:00Z,5887.0
2024-01-06T08:00:00Z,5771.0
2024-01-06T08:30:00Z,5610.0
2024-01-06T09:00:00Z,5244.0
2024-01-06T09:30:00Z,5113.0
2024-01-06T10:00:00Z,4940.0
2024-01-06T10:30:00Z,4782.0
2024-01-06T11:00:00Z,4696.0
2024-01-06T11:30:00Z,4599.0
2024-01-06T12:00:00Z,4362.0
2024-01-06T12:30:00Z,4529.0
2024-01-06T13:00:00Z,4591.0
2024-01-06T13:30:00Z,4683.0
2024-01-06T14:00:00Z,4539.0
2024-01-06T14:30:00Z,4613.0
2024-01-06T15:00:00Z,4631.0
2024-01-06T15:30:00Z,4864.0
2024-01-06T16:00:00Z,5248.0
2024-01-06T16:30:00Z,5194.0
2024-01-06T17:00:00Z,5212.0
2024-01-06T17:30:00Z,5203.0
2024-01-06T18:00:00Z,5050.0
2024-01-06T18:30:00Z,4778.0
2024-01-06T19:00:00Z,4878.0
2024-01-06T19:30:00Z,4946.0
2024-01-06T20:00:00Z,5132.0
2024-01-06T20:30:00Z,4911.0
2024-01-06T21:00:00Z,4916.0
2024-01-06T21:30:00Z,4906.0
2024-01-06T22:00:00Z,5090.0
2024-01-06T22:30:00Z,5275.0
2024-01-06T23:00:00Z,5175.0
2024-01-06T23:30:00Z,5390.0
2024-01-07T00:00:00Z,5708.0
2024-01-07T00:30:00Z,5552.0
2024-01-07T01:00:00Z,5803.0
2024-01-07T01:30:00Z,5946.0
2024-01-07T02:00:00Z,5904.0
2024-01-07T02:30:00Z,5770.0
2024-01-07T03:00:00Z,5881.0
2024-01-07T03:30:00Z,6176.0
2024-01-07T04:00:00Z,6342.0
2024-01-07T04:30:00Z,6066.0
2024-01-07T05:00:00Z,6290.0
2024-01-07T05:30:00Z,6434.0
2024-01-07T06:00:00Z,6402.0
2024-01-07T06:30:00Z,6440.0
2024-01-07T07:00:00Z,6138.0
2024-01-07T07:30:00Z,6109.0
2024-01-07T08:00:00Z,6044.0
2024-01-07T08:30:00Z,5612.0
2024-01-07T09:00:00Z,5549.0
2024-01-07T09:30:00Z,5385.0
2024-01-07T10:00:00Z,5311.0
2024-01-07T10:30:00Z,5015.0
2024-01-07T11:00:00Z,4848.0
2024-01-07T11:30:00Z,4648.0
2024-01-07T12:00:00Z,4435.0
2024-01-07T12:30:00Z,4391.0
2024-01-07T13:00:00Z,4437.0
2024-01-07T13:30:00Z,4327.0
2024-01-07T14:00:00Z,4332.0
2024-01-07T14:30:00Z,4352.0
2024-01-07T15:00:00Z,4325.0
2024-01-07T15:30:00Z,4315.0
2024-01-07T16:00:00Z,4299.0
2024-01-07T16:30:00Z,4305.0
2024-01-07T17:00:00Z,4316.0
2024-01-07T17:30:00Z,4325.0
2024-01-07T18:00:00Z,4324.0
2024-01-07T18:30:00Z,4281.0
2024-01-07T19:00:00Z,4202.0
2024-01-07T19:30:00Z,4169.0
2024-01-07T20:00:00Z,4032.0
2024-01-07T20:30:00Z,4017.0
2024-01-07T21:00:00Z,3992.0
2024-01-07T21:30:00Z,4030.0
2024-01-07T22:00:00Z,3994.0
2024-01-07T22:30:00Z,4100.0
2024-01-07T23:00:00Z,4242.0
2024-01-07T23:30:00Z,4275.0
2024-01-08T00:00:00Z,4629.0
2024-01-08T00:30:00Z,4730.0
2024-01-08T01:00:00Z,5033.0
2024-01-08T01:30:00Z,5215.0
2024-01-08T02:00:00Z,5342.0
2024-01-08T02:30:00Z,6043.0
2024-01-08T03:00:00Z,6274.0
2024-01-08T03:30:00Z,6533.0
2024-01-08T04:00:00Z,6980.0
2024-01-08T04:30:00Z,6945.0
2024-01-08T05:00:00Z,7381.0
2024-01-08T05:30:00Z,7292.0
2024-01-08T06:00:00Z,7472.0
2024-01-08T06:30:00Z,7502.0
2024-01-08T07:00:00Z,7640.0
2024-01-08T07:30:00Z,8031.0
2024-01-08T08:00:00Z,8230.0
2024-01-08T08:30:00Z,8551.0
2024-01-08T09:00:00Z,8833.0
2024-01-08T09:30:00Z,9199.0
2024-01-08T10:00:00Z,9334.0
2024-01-08T10:30:00Z,9545.0
2024-01-08T11:00:00Z,9777.0
2024-01-08T11:30:00Z,9986.0
2024-01-08T12:00:00Z,10111.0
2024-01-08T12:30:00Z,10163.0
2024-01-08T13:00:00Z,10469.0
2024-01-08T13:30:00Z,10499.0
2024-01-08T14:00:00Z,10377.0
2024-01-08T14:30:00Z,10226.0
2024-01-08T15:00:00Z,10317.0
2024-01-08T15:30:00Z,10616.0
2024-01-08T16:00:00Z,10769.0
2024-01-08T16:30:00Z,10783.0
2024-01-08T17:00:00Z,10919.0
2024-01-08T17:30:00Z,11535.0
2024-01-08T18:00:00Z,11362.0
2024-01-08T18:30:00Z,11439.0
2024-01-08T19:00:00Z,11412.0
2024-01-08T19:30:00Z,11371.0
2024-01-08T20:00:00Z,11536.0
2024-01-08T20:30:00Z,11592.0
2024-01-08T21:00:00Z,11660.0
2024-01-08T21:30:00Z,11738.0
2024-01-08T22:00:00Z,11616.0
2024-01-08T22:30:00Z,11782.0
2024-01-08T23:00:00Z,11895.0
2024-01-08T23:30:00Z,11909.0
2024-01-09T00:00:00Z,11819.0
2024-01-09T00:30:00Z,11652.0
2024-01-09T01:00:00Z,11440.0
2024-01-09T01:30:00Z,11277.0
2024-01-09T02:00:00Z,11298.0
2024-01-09T02:30:00Z,11381.0
2024-01-09T03:00:00Z,11356.0
2024-01-09T03:30:00Z,11480.0
2024-01-09T04:00:00Z,11574.0
2024-01-09T04:30:00Z,11558.0
2024-01-09T05:00:00Z,11483.0
2024-01-09T05:30:00Z,11558.0
2024-01-09T06:00:00Z,11659.0
2024-01-09T06:30:00Z,11944.0
2024-01-09T07:00:00Z,12192.0
2024-01-09T07:30:00Z,12320.0
2024-01-09T08:00:00Z,12298.0
2024-01-09T08:30:00Z,12385.0
2024-01-09T09:00:00Z,12411.0
2024-01-09T09:30:00Z,12380.0
2024-01-09T10:00:00Z,12481.0
2024-01-09T10:30:00Z,12374.0
2024-01-09T11:00:00Z,12275.0
2024-01-09T11:30:00Z,12042.0
2024-01-09T12:00:00Z,11866.0
2024-01-09T12:30:00Z,11886.0
2024-01-09T13:00:00Z,11806.0
2024-01-09T13:30:00Z,11550.0
2024-01-09T14:00:00Z,11493.0
2024-01-09T14:30:00Z,11161.0
2024-01-09T15:00:00Z,10939.0
2024-01-09T15:30:00Z,11024.0
2024-01-09T16:00:00Z,11052.0
2024-01-09T16:30:00Z,11000.0
2024-01-09T17:00:00Z,11135.0
2024-01-09T17:30:00Z,11313.0
2024-01-09T18:00:00Z,11240.0
2024-01-09T18:30:00Z,11395.0
2024-01-09T19:00:00Z,11476.0
2024-01-09T19:30:00Z,11504.0
2024-01-09T20:00:00Z,11428.0
2024-01-09T20:30:00Z,11228.0
2024-01-09T21:00:00Z,11128.0
2024-01-09T21:30:00Z,10915.0
2024-01-09T22:00:00Z,11005.0
2024-01-09T22:30:00Z,10866.0
2024-01-09T23:00:00Z,10685.0
2024-01-09T23:30:00Z,10364.0
2024-01-10T00:00:00Z,10003.0
2024-01-10T00:30:00Z,9663.0
2024-01-10T01:00:00Z,9662.0
2024-01-10T01:30:00Z,9498.0
2024-01-10T02:00:00Z,8765.0
2024-01-10T02:30:00Z,8269.0
2024-01-10T03:00:00Z,7933.0
2024-01-10T03:30:00Z,7910.0
2024-01-10T04:00:00Z,7728.0
2024-01-10T04:30:00Z,7581.0
2024-01-10T05:00:00Z,7538.0
2024-01-10T05:30:00Z,7423.0
2024-01-10T06:00:00Z,7277.0
2024-01-10T06:30:00Z,7070.0
2024-01-10T07:00:00Z,6908.0
2024-01-10T07:30:00Z,6740.0
2024-01-10T08:00:00Z,6625.0
2024-01-10T08:30:00Z,6547.0
2024-01-10T09:00:00Z,6420.0
2024-01-10T09:30:00Z,6497.0
2024-01-10T10:00:00Z,6564.0
2024-01-10T10:30:00Z,6734.0
2024-01-10T11:00:00Z,6752.0
2024-01-10T11:30:00Z,6771.0
2024-01-10T12:00:00Z,6774.0
2024-01-10T12:30:00Z,6969.0
2024-01-10T13:00:00Z,7172.0
2024-01-10T13:30:00Z,7338.0
2024-01-10T14:00:00Z,7684.0
2024-01-10T14:30:00Z,7899.0
2024-01-10T15:00:00Z,8027.0
2024-01-10T15:30:00Z,8042.0
2024-01-10T16:00:00Z,6983.0
2024-01-10T16:30:00Z,8777.0
2024-01-10T17:00:00Z,8970.0
2024-01-10T17:30:00Z,9026.0
2024-01-10T18:00:00Z,8944.0
2024-01-10T18:30:00Z,8926.0
2024-01-10T19:00:00Z,8831.0
2024-01-10T19:30:00Z,8987.0
2024-01-10T20:00:00Z,8785.0
2024-01-10T20:30:00Z,8520.0
2024-01-10T21:00:00Z,8234.0
2024-01-10T21:30:00Z,7743.0
2024-01-10T22:00:00Z,6978.0
2024-01-10T22:30:00Z,6800.0
2024-01-10T23:00:00Z,6690.0
2024-01-10T23:30:00Z,6737.0
2024-01-11T00:00:00Z,6538.0
2024-01-11T00:30:00Z,6372.0
2024-01-11T01:00:00Z,6143.0
2024-01-11T01:30:00Z,5994.0
2024-01-11T02:00:00Z,5824.0
2024-01-11T02:30:00Z,5568.0
2024-01-11T03:00:00Z,5469.0
2024-01-11T03:30:00Z,5521.0
2024-01-11T04:00:00Z,5671.0
2024-01-11T04:30:00Z,5683.0
2024-01-11T05:00:00Z,5605.0
2024-01-11T05:30:00Z,6155.0
2024-01-11T06:00:00Z,6036.0
2024-01-11T06:30:00Z,5722.0
2024-01-11T07:00:00Z,5536.0
2024-01-11T07:30:00Z,5279.0
2024-01-11T08:00:00Z,5389.0
2024-01-11T08:30:00Z,5459.0
2024-01-11T09:00:00Z,5450.0
2024-01-11T09:30:00Z,5583.0
2024-01-11T10:00:00Z,5824.0
2024-01-11T10:30:00Z,5858.0
2024-01-11T11:00:00Z,6061.0
2024-01-11T11:30:00Z,6251.0
2024-01-11T12:00:00Z,6457.0
2024-01-11T12:30:00Z,6829.0
2024-01-11T13:00:00Z,7088.0
2024-01-11T13:30:00Z,7224.0
2024-01-11T14:00:00Z,7308.0
2024-01-11T14:30:00Z,7559.0
2024-01-11T15:00:00Z,7604.0
2024-01-11T15:30:00Z,7787.0
2024-01-11T16:00:00Z,7549.0
2024-01-11T16:30:00Z,7418.0
2024-01-11T17:00:00Z,7151.0
2024-01-11T17:30:00Z,7185.0
2024-01-11T18:00:00Z,7094.0
2024-01-11T18:30:00Z,6934.0
2024-01-11T19:00:00Z,6770.0
2024-01-11T19:30:00Z,6551.0
2024-01-11T20:00:00Z,6414.0
2024-01-11T20:30:00Z,6354.0
2024-01-11T21:00:00Z,6324.0
2024-01-11T21:30:00Z,6218.0
2024-01-11T22:00:00Z,6167.0
2024-01-11T22:30:00Z,6057.0
2024-01-11T23:00:00Z,5853.0
2024-01-11T23:30:00Z,5871.0
2024-01-12T00:00:00Z,5886.0
2024-01-12T00:30:00Z,5867.0
2024-01-12T01:00:00Z,6018.0
2024-01-12T01:30:00Z,6355.0
2024-01-12T02:00:00Z,6108.0
2024-01-12T02:30:00Z,5827.0
2024-01-12T03:00:00Z,5292.0
2024-01-12T03:30:00Z,5220.0
2024-01-12T04:00:00Z,4824.0
2024-01-12T04:30:00Z,4783.0
2024-01-12T05:00:00Z,4848.0
2024-01-12T05:30:00Z,4800.0
2024-01-12T06:00:00Z,4510.0
2024-01-12T06:30:00Z,4443.0
2024-01-12T07:00:00Z,4312.0
2024-01-12T07:30:00Z,4039.0
2024-01-12T08:00:00Z,3879.0
2024-01-12T08:30:00Z,3675.0
2024-01-12T09:00:00Z,3499.0
2024-01-12T09:30:00Z,3307.0
2024-01-12T10:00:00Z,3335.0
2024-01-12T10:30:00Z,3202.0
2024-01-12T11:00:00Z,3201.0
2024-01-12T11:30:00Z,3278.0
2024-01-12T12:00:00Z,3318.0
2024-01-12T12:30:00Z,3320.0
2024-01-12T13:00:00Z,3321.0
2024-01-12T13:30:00Z,3509.0
2024-01-12T14:00:00Z,3690.0
2024-01-12T14:30:00Z,3862.0
2024-01-12T15:00:00Z,4220.0
2024-01-12T15:30:00Z,4438.0
2024-01-12T16:00:00Z,4527.0
2024-01-12T16:30:00Z,4514.0
2024-01-12T17:00:00Z,4405.0
2024-01-12T17:30:00Z,4641.0
2024-01-12T18:00:00Z,4639.0
2024-01-12T18:30:00Z,4654.0
2024-01-12T19:00:00Z,4837.0
2024-01-12T19:30:00Z,4946.0
2024-01-12T20:00:00Z,5083.0
2024-01-12T20:30:00Z,5256.0
2024-01-12T21:00:00Z,5486.0
2024-01-12T21:30:00Z,5685.0
2024-01-12T22:00:00Z,5842.0
2024-01-12T22:30:00Z,6017.0
2024-01-12T23:00:00Z,6359.0
2024-01-12T23:30:00Z,6250.0
2024-01-13T00:00:00Z,6319.0
2024-01-13T00:30:00Z,6644.0
2024-01-13T01:00:00Z,6801.0
2024-01-13T01:30:00Z,6993.0
2024-01-13T02:00:00Z,7297.0
2024-01-13T02:30:00Z,7132.0
2024-01-13T03:00:00Z,7695.0
2024-01-13T03:30:00Z,8002.0
2024-01-13T04:00:00Z,8191.0
2024-01-13T04:30:00Z,7774.0
2024-01-13T05:00:00Z,7678.0
2024-01-13T05:30:00Z,7498.0
2024-01-13T06:00:00Z,7446.0
2024-01-13T06:30:00Z,7622.0
2024-01-13T07:00:00Z,7765.0
2024-01-13T07:30:00Z,7841.0
2024-01-13T08:00:00Z,7975.0
2024-01-13T08:30:00Z,7749.0
2024-01-13T09:00:00Z,7662.0
2024-01-13T09:30:00Z,7493.0
2024-01-13T10:00:00Z,7384.0
2024-01-13T10:30:00Z,7190.0
2024-01-13T11:00:00Z,7093.0
2024-01-13T11:30:00Z,6901.0
2024-01-13T12:00:00Z,6834.0
2024-01-13T12:30:00Z,6663.0
2024-01-13T13:00:00Z,6733.0
2024-01-13T13:30:00Z,7017.0
2024-01-13T14:00:00Z,7450.0
2024-01-13T14:30:00Z,7282.0
2024-01-13T15:00:00Z,7003.0
2024-01-13T15:30:00Z,6950.0
2024-01-13T16:00:00Z,6768.0
2024-01-13T16:30:00Z,6834.0
2024-01-13T17:00:00Z,6416.0
2024-01-13T17:30:00Z,6418.0
2024-01-13T18:00:00Z,6446.0
2024-01-13T18:30:00Z,6499.0
2024-01-13T19:00:00Z,6755.0
2024-01-13T19:30:00Z,6763.0
2024-01-13T20:00:00Z,6706.0
2024-01-13T20:30:00Z,6901.0
2024-01-13T21:00:00Z,7009.0
2024-01-13T21:30:00Z,6897.0
2024-01-13T22:00:00Z,6926.0
2024-01-13T22:30:00Z,6531.0
2024-01-13T23:00:00Z,6264.0
2024-01-13T23:30:00Z,5986.0
2024-01-14T00:00:00Z,5873.0
2024-01-14T00:30:00Z,6160.0
2024-01-14T01:00:00Z,6058.0
2024-01-14T01:30:00Z,6093.0
2024-01-14T02:00:00Z,5737.0
2024-01-14T02:30:00Z,5526.0
2024-01-14T03:00:00Z,5596.0
2024-01-14T03:30:00Z,5538.0
2024-01-14T04:00:00Z,5477.0
2024-01-14T04:30:00Z,5367.0
2024-01-14T05:00:00Z,5288.0
2024-01-14T05:30:00Z,5487.0
2024-01-14T06:00:00Z,5862.0
2024-01-14T06:30:00Z,6248.0
2024-01-14T07:00:00Z,6461.0
2024-01-14T07:30:00Z,6759.0
2024-01-14T08:00:00Z,7130.0
2024-01-14T08:30:00Z,8172.0
2024-01-14T09:00:00Z,8614.0
2024-01-14T09:30:00Z,9045.0
2024-01-14T10:00:00Z,9487.0
2024-01-14T10:30:00Z,9699.0
2024-01-14T11:00:00Z,9952.0
2024-01-14T11:30:00Z,10278.0
2024-01-14T12:00:00Z,10051.0
2024-01-14T12:30:00Z,10150.0
2024-01-14T13:00:00Z,10400.0
2024-01-14T13:30:00Z,10769.0
2024-01-14T14:00:00Z,11368.0
2024-01-14T14:30:00Z,11902.0
2024-01-14T15:00:00Z,12175.0
2024-01-14T15:30:00Z,12372.0
2024-01-14T16:00:00Z,12559.0
2024-01-14T16:30:00Z,12247.0
2024-01-14T17:00:00Z,12347.0
2024-01-14T17:30:00Z,12505.0
2024-01-14T18:00:00Z,12424.0
2024-01-14T18:30:00Z,12316.0
2024-01-14T19:00:00Z,12364.0
2024-01-14T19:30:00Z,12398.0
2024-01-14T20:00:00Z,12757.0
2024-01-14T20:30:00Z,12721.0
2024-01-14T21:00:00Z,13213.0
2024-01-14T21:30:00Z,13730.0
2024-01-14T22:00:00Z,13731.0
2024-01-14T22:30:00Z,13557.0
2024-01-14T23:00:00Z,13352.0
2024-01-14T23:30:00Z,13539.0
2024-01-15T00:00:00Z,13826.0
2024-01-15T00:30:00Z,13991.0
2024-01-15T01:00:00Z,14343.0
2024-01-15T01:30:00Z,14482.0
2024-01-15T02:00:00Z,14431.0
2024-01-15T02:30:00Z,14426.0
2024-01-15T03:00:00Z,14534.0
2024-01-15T03:30:00Z,14706.0
2024-01-15T04:00:00Z,14840.0
2024-01-15T04:30:00Z,14933.0
2024-01-15T05:00:00Z,15001.0
2024-01-15T05:30:00Z,15070.0
2024-01-15T06:00:00Z,15022.0
2024-01-15T06:30:00Z,14830.0
2024-01-15T07:00:00Z,14963.0
2024-01-15T07:30:00Z,14855.0
2024-01-15T08:00:00Z,14492.0
2024-01-15T08:30:00Z,14264.0
2024-01-15T09:00:00Z,14233.0
2024-01-15T09:30:00Z,14149.0
2024-01-15T10:00:00Z,14315.0
2024-01-15T10:30:00Z,14149.0
2024-01-15T11:00:00Z,13835.0
2024-01-15T11:30:00Z,13709.0
2024-01-15T12:00:00Z,13529.0
2024-01-15T12:30:00Z,13614.0
2024-01-15T13:00:00Z,13859.0
2024-01-15T13:30:00Z,13948.0
2024-01-15T14:00:00Z,13810.0
2024-01-15T14:30:00Z,13770.0
2024-01-15T15:00:00Z,13547.0
2024-01-15T15:30:00Z,13411.0
2024-01-15T16:00:00Z,12939.0
2024-01-15T16:30:00Z,12747.0
2024-01-15T17:00:00Z,12466.0
2024-01-15T17:30:00Z,12140.0
2024-01-15T18:00:00Z,11775.0
2024-01-15T18:30:00Z,11448.0
2024-01-15T19:00:00Z,10834.0
2024-01-15T19:30:00Z,10449.0
2024-01-15T20:00:00Z,10046.0
2024-01-15T20:30:00Z,9952.0
2024-01-15T21:00:00Z,9569.0
2024-01-15T21:30:00Z,9174.0
2024-01-15T22:00:00Z,8995.0
2024-01-15T22:30:00Z,8472.0
2024-01-15T23:00:00Z,8022.0
2024-01-15T23:30:00Z,8095.0
2024-01-16T00:00:00Z,7892.0
2024-01-16T00:30:00Z,7692.0
2024-01-16T01:00:00Z,7270.0
2024-01-16T01:30:00Z,6954.0
2024-01-16T02:00:00Z,6228.0
2024-01-16T02:30:00Z,5806.0
2024-01-16T03:00:00Z,5814.0
2024-01-16T03:30:00Z,6035.0
2024-01-16T04:00:00Z,5985.0
2024-01-16T04:30:00Z,6136.0
2024-01-16T05:00:00Z,6396.0
2024-01-16T05:30:00Z,6833.0
2024-01-16T06:00:00Z,7111.0
2024-01-16T06:30:00Z,7196.0
2024-01-16T07:00:00Z,7343.0
2024-01-16T07:30:00Z,7266.0
2024-01-16T08:00:00Z,7387.0
2024-01-16T08:30:00Z,7590.0
2024-01-16T09:00:00Z,7756.0
2024-01-16T09:30:00Z,7674.0
2024-01-16T10:00:00Z,7412.0
2024-01-16T10:30:00Z,7345.0
2024-01-16T11:00:00Z,7463.0
2024-01-16T11:30:00Z,7449.0
2024-01-16T12:00:00Z,7607.0
2024-01-16T12:30:00Z,8122.0
2024-01-16T13:00:00Z,8206.0
2024-01-16T13:30:00Z,8607.0
2024-01-16T14:00:00Z,9047.0
2024-01-16T14:30:00Z,9180.0
2024-01-16T15:00:00Z,9603.0
2024-01-16T15:30:00Z,10811.0
2024-01-16T16:00:00Z,11451.0
2024-01-16T16:30:00Z,12264.0
2024-01-16T17:00:00Z,12975.0
2024-01-16T17:30:00Z,12989.0
2024-01-16T18:00:00Z,12865.0
2024-01-16T18:30:00Z,13113.0
2024-01-16T19:00:00Z,13083.0
2024-01-16T19:30:00Z,13106.0
2024-01-16T20:00:00Z,12888.0
2024-01-16T20:30:00Z,12532.0
2024-01-16T21:00:00Z,12042.0
2024-01-16T21:30:00Z,11991.0
2024-01-16T22:00:00Z,11610.0
2024-01-16T22:30:00Z,11742.0
2024-01-16T23:00:00Z,11622.0
2024-01-16T23:30:00Z,11388.0
2024-01-17T00:00:00Z,10883.0
2024-01-17T00:30:00Z,10311.0
2024-01-17T01:00:00Z,9675.0
2024-01-17T01:30:00Z,9320.0
2024-01-17T02:00:00Z,9013.0
2024-01-17T02:30:00Z,8423.0
2024-01-17T03:00:00Z,7573.0
2024-01-17T03:30:00Z,6710.0
2024-01-17T04:00:00Z,6030.0
2024-01-17T04:30:00Z,5342.0
2024-01-17T05:00:00Z,4695.0
2024-01-17T05:30:00Z,4464.0
2024-01-17T06:00:00Z,4682.0
2024-01-17T06:30:00Z,4880.0
2024-01-17T07:00:00Z,4822.0
2024-01-17T07:30:00Z,4252.0
2024-01-17T08:00:00Z,3988.0
2024-01-17T08:30:00Z,4340.0
2024-01-17T09:00:00Z,4434.0
2024-01-17T09:30:00Z,4345.0
2024-01-17T10:00:00Z,3902.0
2024-01-17T10:30:00Z,3670.0
2024-01-17T11:00:00Z,3455.0
2024-01-17T11:30:00Z,3179.0
2024-01-17T12:00:00Z,3238.0
2024-01-17T12:30:00Z,3501.0
2024-01-17T13:00:00Z,3785.0
2024-01-17T13:30:00Z,4254.0
2024-01-17T14:00:00Z,4774.0
2024-01-17T14:30:00Z,5335.0
2024-01-17T15:00:00Z,5291.0
2024-01-17T15:30:00Z,5163.0
2024-01-17T16:00:00Z,6190.0
2024-01-17T16:30:00Z,6709.0
2024-01-17T17:00:00Z,6631.0
2024-01-17T17:30:00Z,6928.0
2024-01-17T18:00:00Z,7004.0
2024-01-17T18:30:00Z,7410.0
2024-01-17T19:00:00Z,8038.0
2024-01-17T19:30:00Z,8125.0
2024-01-17T20:00:00Z,7850.0
2024-01-17T20:30:00Z,7925.0
2024-01-17T21:00:00Z,7426.0
2024-01-17T21:30:00Z,6999.0
2024-01-17T22:00:00Z,6788.0
2024-01-17T22:30:00Z,6796.0
2024-01-17T23:00:00Z,6841.0
2024-01-17T23:30:00Z,6763.0
2024-01-18T00:00:00Z,6431.0
2024-01-18T00:30:00Z,6939.0
2024-01-18T01:00:00Z,7447.0
2024-01-18T01:30:00Z,8491.0
2024-01-18T02:00:00Z,8596.0
2024-01-18T02:30:00Z,8096.0
2024-01-18T03:00:00Z,7493.0
2024-01-18T03:30:00Z,7360.0
2024-01-18T04:00:00Z,6878.0
2024-01-18T04:30:00Z,6044.0
2024-01-18T05:00:00Z,6362.0
2024-01-18T05:30:00Z,6862.0
2024-01-18T06:00:00Z,6990.0
2024-01-18T06:30:00Z,7283.0
2024-01-18T07:00:00Z,6833.0
2024-01-18T07:30:00Z,6751.0
2024-01-18T08:00:00Z,6392.0
2024-01-18T08:30:00Z,5897.0
2024-01-18T09:00:00Z,5659.0
2024-01-18T09:30:00Z,6231.0
2024-01-18T10:00:00Z,6206.0
2024-01-18T10:30:00Z,6333.0
2024-01-18T11:00:00Z,6688.0
2024-01-18T11:30:00Z,7308.0
2024-01-18T12:00:00Z,7551.0
2024-01-18T12:30:00Z,7180.0
2024-01-18T13:00:00Z,7082.0
2024-01-18T13:30:00Z,7754.0
2024-01-18T14:00:00Z,8365.0
2024-01-18T14:30:00Z,9019.0
2024-01-18T15:00:00Z,9515.0
2024-01-18T15:30:00Z,10164.0
2024-01-18T16:00:00Z,10356.0
2024-01-18T16:30:00Z,10765.0
2024-01-18T17:00:00Z,11322.0
2024-01-18T17:30:00Z,11727.0
2024-01-18T18:00:00Z,12362.0
2024-01-18T18:30:00Z,12443.0
2024-01-18T19:00:00Z,11678.0
2024-01-18T19:30:00Z,11307.0
2024-01-18T20:00:00Z,11339.0
2024-01-18T20:30:00Z,11344.0
2024-01-18T21:00:00Z,11629.0
2024-01-18T21:30:00Z,11648.0
2024-01-18T22:00:00Z,11561.0
2024-01-18T22:30:00Z,11843.0
2024-01-18T23:00:00Z,11716.0
2024-01-18T23:30:00Z,11747.0
2024-01-19T00:00:00Z,11417.0
2024-01-19T00:30:00Z,11180.0
2024-01-19T01:00:00Z,11590.0
2024-01-19T01:30:00Z,11553.0
2024-01-19T02:00:00Z,11509.0
2024-01-19T02:30:00Z,11728.0
2024-01-19T03:00:00Z,11687.0
2024-01-19T03:30:00Z,11751.0
2024-01-19T04:00:00Z,11337.0
2024-01-19T04:30:00Z,11244.0
2024-01-19T05:00:00Z,11423.0
2024-01-19T05:30:00Z,11661.0
2024-01-19T06:00:00Z,11717.0
2024-01-19T06:30:00Z,11405.0
2024-01-19T07:00:00Z,11668.0
2024-01-19T07:30:00Z,12110.0
2024-01-19T08:00:00Z,12606.0
2024-01-19T08:30:00Z,12537.0
2024-01-19T09:00:00Z,12592.0
2024-01-19T09:30:00Z,12724.0
2024-01-19T10:00:00Z,12700.0
2024-01-19T10:30:00Z,13097.0
2024-01-19T11:00:00Z,13342.0
2024-01-19T11:30:00Z,13641.0
2024-01-19T12:00:00Z,13807.0
2024-01-19T12:30:00Z,13958.0
2024-01-19T13:00:00Z,11807.0
2024-01-19T13:30:00Z,14349.0
2024-01-19T14:00:00Z,14160.0
2024-01-19T14:30:00Z,13847.0
2024-01-19T15:00:00Z,13844.0
2024-01-19T15:30:00Z,13901.0
2024-01-19T16:00:00Z,13906.0
2024-01-19T16:30:00Z,13697.0
2024-01-19T17:00:00Z,13613.0
2024-01-19T17:30:00Z,13892.0
2024-01-19T18:00:00Z,14025.0
2024-01-19T18:30:00Z,14184.0
2024-01-19T19:00:00Z,14208.0
2024-01-19T19:30:00Z,14358.0
2024-01-19T20:00:00Z,14634.0
2024-01-19T20:30:00Z,14687.0
2024-01-19T21:00:00Z,13992.0
2024-01-19T21:30:00Z,13871.0
2024-01-19T22:00:00Z,13956.0
2024-01-19T22:30:00Z,14014.0
2024-01-19T23:00:00Z,14025.0
2024-01-19T23:30:00Z,13845.0
2024-01-20T00:00:00Z,13736.0
2024-01-20T00:30:00Z,13852.0
2024-01-20T01:00:00Z,13650.0
2024-01-20T01:30:00Z,13788.0
2024-01-20T02:00:00Z,14124.0
2024-01-20T02:30:00Z,14310.0
2024-01-20T03:00:00Z,14459.0
2024-01-20T03:30:00Z,14755.0
2024-01-20T04:00:00Z,14938.0
2024-01-20T04:30:00Z,15096.0
2024-01-20T05:00:00Z,15267.0
2024-01-20T05:30:00Z,15062.0
2024-01-20T06:00:00Z,14918.0
2024-01-20T06:30:00Z,14860.0
2024-01-20T07:00:00Z,14954.0
2024-01-20T07:30:00Z,15094.0
2024-01-20T08:00:00Z,15281.0
2024-01-20T08:30:00Z,15331.0
2024-01-20T09:00:00Z,15269.0
2024-01-20T09:30:00Z,15181.0
2024-01-20T10:00:00Z,15432.0
2024-01-20T10:30:00Z,15707.0
2024-01-20T11:00:00Z,15970.0
2024-01-20T11:30:00Z,16245.0
2024-01-20T12:00:00Z,16185.0
2024-01-20T12:30:00Z,16283.0
2024-01-20T13:00:00Z,16129.0
2024-01-20T13:30:00Z,16137.0
2024-01-20T14:00:00Z,16279.0
2024-01-20T14:30:00Z,16253.0
2024-01-20T15:00:00Z,16261.0
2024-01-20T15:30:00Z,16034.0
2024-01-20T16:00:00Z,16240.0
2024-01-20T16:30:00Z,16244.0
2024-01-20T17:00:00Z,16246.0
2024-01-20T17:30:00Z,16185.0
2024-01-20T18:00:00Z,16073.0
2024-01-20T18:30:00Z,15971.0
2024-01-20T19:00:00Z,15985.0
2024-01-20T19:30:00Z,15950.0
2024-01-20T20:00:00Z,16260.0
2024-01-20T20:30:00Z,16662.0
2024-01-20T21:00:00Z,16434.0
2024-01-20T21:30:00Z,16143.0
2024-01-20T22:00:00Z,16118.0
2024-01-20T22:30:00Z,16102.0
2024-01-20T23:00:00Z,16072.0
2024-01-20T23:30:00Z,15959.0
2024-01-21T00:00:00Z,15884.0
2024-01-21T00:30:00Z,15535.0
2024-01-21T01:00:00Z,15248.0
2024-01-21T01:30:00Z,15132.0
2024-01-21T02:00:00Z,14809.0
2024-01-21T02:30:00Z,14637.0
2024-01-21T03:00:00Z,14474.0
2024-01-21T03:30:00Z,14028.0
2024-01-21T04:00:00Z,13775.0
2024-01-21T04:30:00Z,14036.0
2024-01-21T05:00:00Z,14540.0
2024-01-21T05:30:00Z,14247.0
2024-01-21T06:00:00Z,13505.0
2024-01-21T06:30:00Z,14168.0
2024-01-21T07:00:00Z,14359.0
2024-01-21T07:30:00Z,14343.0
2024-01-21T08:00:00Z,14072.0
2024-01-21T08:30:00Z,14152.0
2024-01-21T09:00:00Z,14474.0
2024-01-21T09:30:00Z,15158.0
2024-01-21T10:00:00Z,15221.0
2024-01-21T10:30:00Z,14975.0
2024-01-21T11:00:00Z,15127.0
2024-01-21T11:30:00Z,15761.0
2024-01-21T12:00:00Z,15746.0
2024-01-21T12:30:00Z,15338.0
2024-01-21T13:00:00Z,14874.0
2024-01-21T13:30:00Z,14969.0
2024-01-21T14:00:00Z,14866.0
2024-01-21T14:30:00Z,15018.0
2024-01-21T15:00:00Z,14802.0
2024-01-21T15:30:00Z,14627.0
2024-01-21T16:00:00Z,14731.0
2024-01-21T16:30:00Z,14708.0
2024-01-21T17:00:00Z,14630.0
2024-01-21T17:30:00Z,14190.0
2024-01-21T18:00:00Z,13740.0
2024-01-21T18:30:00Z,13028.0
2024-01-21T19:00:00Z,12901.0
2024-01-21T19:30:00Z,11789.0
2024-01-21T20:00:00Z,11299.0
2024-01-21T20:30:00Z,10202.0
2024-01-21T21:00:00Z,9112.0
2024-01-21T21:30:00Z,8197.0
2024-01-21T22:00:00Z,8108.0
2024-01-21T22:30:00Z,8182.0
2024-01-21T23:00:00Z,8493.0
2024-01-21T23:30:00Z,8503.0
2024-01-22T00:00:00Z,8662.0
2024-01-22T00:30:00Z,8485.0
2024-01-22T01:00:00Z,8121.0
2024-01-22T01:30:00Z,8344.0
2024-01-22T02:00:00Z,8638.0
2024-01-22T02:30:00Z,9403.0
2024-01-22T03:00:00Z,10235.0
2024-01-22T03:30:00Z,10824.0
2024-01-22T04:00:00Z,11196.0
2024-01-22T04:30:00Z,11465.0
2024-01-22T05:00:00Z,11531.0
2024-01-22T05:30:00Z,11847.0
2024-01-22T06:00:00Z,12139.0
2024-01-22T06:30:00Z,12742.0
2024-01-22T07:00:00Z,13423.0
2024-01-22T07:30:00Z,14265.0
2024-01-22T08:00:00Z,14698.0
2024-01-22T08:30:00Z,14883.0
2024-01-22T09:00:00Z,14969.0
2024-01-22T09:30:00Z,15083.0
2024-01-22T10:00:00Z,15231.0
2024-01-22T10:30:00Z,15390.0
2024-01-22T11:00:00Z,15408.0
2024-01-22T11:30:00Z,15533.0
2024-01-22T12:00:00Z,15341.0
2024-01-22T12:30:00Z,15524.0
2024-01-22T13:00:00Z,15638.0
2024-01-22T13:30:00Z,15717.0
2024-01-22T14:00:00Z,16018.0
2024-01-22T14:30:00Z,15810.0
2024-01-22T15:00:00Z,15682.0
2024-01-22T15:30:00Z,15649.0
2024-01-22T16:00:00Z,15877.0
2024-01-22T16:30:00Z,13225.0
2024-01-22T17:00:00Z,15743.0
2024-01-22T17:30:00Z,15885.0
2024-01-22T18:00:00Z,15855.0
2024-01-22T18:30:00Z,15910.0
2024-01-22T19:00:00Z,15798.0
2024-01-22T19:30:00Z,15727.0
2024-01-22T20:00:00Z,15742.0
2024-01-22T20:30:00Z,15679.0
2024-01-22T21:00:00Z,15692.0
2024-01-22T21:30:00Z,15594.0
2024-01-22T22:00:00Z,15461.0
2024-01-22T22:30:00Z,15305.0
2024-01-22T23:00:00Z,15049.0
2024-01-22T23:30:00Z,14926.0
2024-01-23T00:00:00Z,14934.0
2024-01-23T00:30:00Z,14793.0
2024-01-23T01:00:00Z,14541.0
2024-01-23T01:30:00Z,14072.0
2024-01-23T02:00:00Z,13765.0
2024-01-23T02:30:00Z,13509.0
2024-01-23T03:00:00Z,12974.0
2024-01-23T03:30:00Z,12866.0
2024-01-23T04:00:00Z,12541.0
2024-01-23T04:30:00Z,12002.0
2024-01-23T05:00:00Z,12089.0
2024-01-23T05:30:00Z,12164.0
2024-01-23T06:00:00Z,12206.0
2024-01-23T06:30:00Z,12362.0
2024-01-23T07:00:00Z,13002.0
2024-01-23T07:30:00Z,13604.0
2024-01-23T08:00:00Z,14101.0
2024-01-23T08:30:00Z,14453.0
2024-01-23T09:00:00Z,14526.0
2024-01-23T09:30:00Z,14747.0
2024-01-23T10:00:00Z,14552.0
2024-01-23T10:30:00Z,2469.0
2024-01-23T11:00:00Z,0.0
2024-01-23T11:30:00Z,0.0
2024-01-23T12:00:00Z,12439.0
2024-01-23T12:30:00Z,15262.0
2024-01-23T13:00:00Z,15288.0
2024-01-23T13:30:00Z,15407.0
2024-01-23T14:00:00Z,15721.0
2024-01-23T14:30:00Z,15654.0
2024-01-23T15:00:00Z,15455.0
2024-01-23T15:30:00Z,15341.0
2024-01-23T16:00:00Z,15280.0
2024-01-23T16:30:00Z,15301.0
2024-01-23T17:00:00Z,15232.0
2024-01-23T17:30:00Z,15389.0
2024-01-23T18:00:00Z,15500.0
2024-01-23T18:30:00Z,15256.0
2024-01-23T19:00:00Z,15087.0
2024-01-23T19:30:00Z,15070.0
2024-01-23T20:00:00Z,15140.0
2024-01-23T20:30:00Z,15099.0
2024-01-23T21:00:00Z,14506.0
2024-01-23T21:30:00Z,14128.0
2024-01-23T22:00:00Z,13779.0
2024-01-23T22:30:00Z,13565.0
2024-01-23T23:00:00Z,13784.0
2024-01-23T23:30:00Z,14027.0
2024-01-24T00:00:00Z,13888.0
2024-01-24T00:30:00Z,13934.0
2024-01-24T01:00:00Z,13913.0
2024-01-24T01:30:00Z,13825.0
2024-01-24T02:00:00Z,13586.0
2024-01-24T02:30:00Z,13585.0
2024-01-24T03:00:00Z,13351.0
2024-01-24T03:30:00Z,13336.0
2024-01-24T04:00:00Z,13392.0
2024-01-24T04:30:00Z,13158.0
2024-01-24T05:00:00Z,13320.0
2024-01-24T05:30:00Z,13459.0
2024-01-24T06:00:00Z,13479.0
2024-01-24T06:30:00Z,13875.0
2024-01-24T07:00:00Z,14158.0
2024-01-24T07:30:00Z,14397.0
2024-01-24T08:00:00Z,14406.0
2024-01-24T08:30:00Z,14765.0
2024-01-24T09:00:00Z,14811.0
2024-01-24T09:30:00Z,14965.0
2024-01-24T10:00:00Z,14879.0
2024-01-24T10:30:00Z,14837.0
2024-01-24T11:00:00Z,14882.0
2024-01-24T11:30:00Z,14782.0
2024-01-24T12:00:00Z,14859.0
2024-01-24T12:30:00Z,14817.0
2024-01-24T13:00:00Z,14727.0
2024-01-24T13:30:00Z,14459.0
2024-01-24T14:00:00Z,14200.0
2024-01-24T14:30:00Z,14398.0
2024-01-24T15:00:00Z,14210.0
2024-01-24T15:30:00Z,14282.0
2024-01-24T16:00:00Z,13797.0
2024-01-24T16:30:00Z,13163.0
2024-01-24T17:00:00Z,12907.0
2024-01-24T17:30:00Z,13105.0
2024-01-24T18:00:00Z,12889.0
2024-01-24T18:30:00Z,12513.0
2024-01-24T19:00:00Z,11844.0
2024-01-24T19:30:00Z,11620.0
2024-01-24T20:00:00Z,11630.0
2024-01-24T20:30:00Z,10866.0
2024-01-24T21:00:00Z,10361.0
2024-01-24T21:30:00Z,10012.0
2024-01-24T22:00:00Z,9429.0
2024-01-24T22:30:00Z,8572.0
2024-01-24T23:00:00Z,8380.0
2024-01-24T23:30:00Z,7759.0
2024-01-25T00:00:00Z,7512.0
2024-01-25T00:30:00Z,7202.0
2024-01-25T01:00:00Z,6910.0
2024-01-25T01:30:00Z,6442.0
2024-01-25T02:00:00Z,6321.0
2024-01-25T02:30:00Z,6066.0
2024-01-25T03:00:00Z,6055.0
2024-01-25T03:30:00Z,6376.0
2024-01-25T04:00:00Z,6007.0
2024-01-25T04:30:00Z,5719.0
2024-01-25T05:00:00Z,6135.0
2024-01-25T05:30:00Z,6266.0
2024-01-25T06:00:00Z,6573.0
2024-01-25T06:30:00Z,6894.0
2024-01-25T07:00:00Z,7496.0
2024-01-25T07:30:00Z,8145.0
2024-01-25T08:00:00Z,8529.0
2024-01-25T08:30:00Z,9601.0
2024-01-25T09:00:00Z,10362.0
2024-01-25T09:30:00Z,10975.0
2024-01-25T10:00:00Z,11463.0
2024-01-25T10:30:00Z,12224.0
2024-01-25T11:00:00Z,12490.0
2024-01-25T11:30:00Z,12648.0
2024-01-25T12:00:00Z,12824.0
2024-01-25T12:30:00Z,13216.0
2024-01-25T13:00:00Z,13605.0
2024-01-25T13:30:00Z,13712.0
2024-01-25T14:00:00Z,13819.0
2024-01-25T14:30:00Z,13627.0
2024-01-25T15:00:00Z,13601.0
2024-01-25T15:30:00Z,13968.0
2024-01-25T16:00:00Z,14202.0
2024-01-25T16:30:00Z,14049.0
2024-01-25T17:00:00Z,14242.0
2024-01-25T17:30:00Z,14444.0
2024-01-25T18:00:00Z,14704.0
2024-01-25T18:30:00Z,14618.0
2024-01-25T19:00:00Z,14109.0
2024-01-25T19:30:00Z,14245.0
2024-01-25T20:00:00Z,14402.0
2024-01-25T20:30:00Z,14577.0
2024-01-25T21:00:00Z,14506.0
2024-01-25T21:30:00Z,14513.0
2024-01-25T22:00:00Z,14593.0
2024-01-25T22:30:00Z,14650.0
2024-01-25T23:00:00Z,14478.0
2024-01-25T23:30:00Z,14456.0
2024-01-26T00:00:00Z,14317.0
2024-01-26T00:30:00Z,14259.0
2024-01-26T01:00:00Z,14422.0
2024-01-26T01:30:00Z,14285.0
2024-01-26T02:00:00Z,14316.0
2024-01-26T02:30:00Z,14488.0
2024-01-26T03:00:00Z,14523.0
2024-01-26T03:30:00Z,14509.0
2024-01-26T04:00:00Z,14632.0
2024-01-26T04:30:00Z,14723.0
2024-01-26T05:00:00Z,14692.0
2024-01-26T05:30:00Z,14335.0
2024-01-26T06:00:00Z,14547.0
2024-01-26T06:30:00Z,14760.0
2024-01-26T07:00:00Z,14603.0
2024-01-26T07:30:00Z,14931.0
2024-01-26T08:00:00Z,14722.0
2024-01-26T08:30:00Z,14753.0
2024-01-26T09:00:00Z,14620.0
2024-01-26T09:30:00Z,14695.0
2024-01-26T10:00:00Z,14755.0
2024-01-26T10:30:00Z,14745.0
2024-01-26T11:00:00Z,15050.0
2024-01-26T11:30:00Z,15069.0
2024-01-26T12:00:00Z,15103.0
2024-01-26T12:30:00Z,14902.0
2024-01-26T13:00:00Z,15185.0
2024-01-26T13:30:00Z,15185.0
2024-01-26T14:00:00Z,14854.0
2024-01-26T14:30:00Z,14316.0
2024-01-26T15:00:00Z,13927.0
2024-01-26T15:30:00Z,13631.0
2024-01-26T16:00:00Z,13208.0
2024-01-26T16:30:00Z,12846.0
2024-01-26T17:00:00Z,13030.0
2024-01-26T17:30:00Z,12726.0
2024-01-26T18:00:00Z,12745.0
2024-01-26T18:30:00Z,12745.0
2024-01-26T19:00:00Z,12733.0
2024-01-26T19:30:00Z,12520.0
2024-01-26T20:00:00Z,12562.0
2024-01-26T20:30:00Z,12482.0
2024-01-26T21:00:00Z,12454.0
2024-01-26T21:30:00Z,12380.0
2024-01-26T22:00:00Z,12336.0
2024-01-26T22:30:00Z,12080.0
2024-01-26T23:00:00Z,11989.0
2024-01-26T23:30:00Z,12011.0
2024-01-27T00:00:00Z,11898.0
2024-01-27T00:30:00Z,11691.0
2024-01-27T01:00:00Z,11576.0
2024-01-27T01:30:00Z,11267.0
2024-01-27T02:00:00Z,11146.0
2024-01-27T02:30:00Z,10923.0
2024-01-27T03:00:00Z,10526.0
2024-01-27T03:30:00Z,10415.0
2024-01-27T04:00:00Z,10210.0
2024-01-27T04:30:00Z,10206.0
2024-01-27T05:00:00Z,9962.0
2024-01-27T05:30:00Z,9844.0
2024-01-27T06:00:00Z,9601.0
2024-01-27T06:30:00Z,9574.0
2024-01-27T07:00:00Z,9683.0
2024-01-27T07:30:00Z,10004.0
2024-01-27T08:00:00Z,10340.0
2024-01-27T08:30:00Z,10674.0
2024-01-27T09:00:00Z,11012.0
2024-01-27T09:30:00Z,11163.0
2024-01-27T10:00:00Z,11366.0
2024-01-27T10:30:00Z,11564.0
2024-01-27T11:00:00Z,11512.0
2024-01-27T11:30:00Z,11940.0
2024-01-27T12:00:00Z,11957.0
2024-01-27T12:30:00Z,11930.0
2024-01-27T13:00:00Z,11761.0
2024-01-27T13:30:00Z,12002.0
2024-01-27T14:00:00Z,11712.0
2024-01-27T14:30:00Z,11448.0
2024-01-27T15:00:00Z,11419.0
2024-01-27T15:30:00Z,11183.0
2024-01-27T16:00:00Z,11093.0
2024-01-27T16:30:00Z,11595.0
2024-01-27T17:00:00Z,11721.0
2024-01-27T17:30:00Z,11815.0
2024-01-27T18:00:00Z,11500.0
2024-01-27T18:30:00Z,11350.0
2024-01-27T19:00:00Z,11124.0
2024-01-27T19:30:00Z,11529.0
2024-01-27T20:00:00Z,11453.0
2024-01-27T20:30:00Z,11359.0
2024-01-27T21:00:00Z,11309.0
2024-01-27T21:30:00Z,11256.0
2024-01-27T22:00:00Z,11292.0
2024-01-27T22:30:00Z,11686.0
2024-01-27T23:00:00Z,11688.0
2024-01-27T23:30:00Z,11479.0
2024-01-28T00:00:00Z,11118.0
2024-01-28T00:30:00Z,11096.0
2024-01-28T01:00:00Z,11312.0
2024-01-28T01:30:00Z,11819.0
2024-01-28T02:00:00Z,11981.0
2024-01-28T02:30:00Z,12440.0
2024-01-28T03:00:00Z,12345.0
2024-01-28T03:30:00Z,12232.0
2024-01-28T04:00:00Z,12181.0
2024-01-28T04:30:00Z,12365.0
2024-01-28T05:00:00Z,12679.0
2024-01-28T05:30:00Z,12853.0
2024-01-28T06:00:00Z,12877.0
2024-01-28T06:30:00Z,12622.0
2024-01-28T07:00:00Z,12485.0
2024-01-28T07:30:00Z,12484.0
2024-01-28T08:00:00Z,12248.0
2024-01-28T08:30:00Z,11948.0
2024-01-28T09:00:00Z,12157.0
2024-01-28T09:30:00Z,12523.0
2024-01-28T10:00:00Z,12583.0
2024-01-28T10:30:00Z,12639.0
2024-01-28T11:00:00Z,12532.0
2024-01-28T11:30:00Z,13063.0
2024-01-28T12:00:00Z,13588.0
2024-01-28T12:30:00Z,13682.0
2024-01-28T13:00:00Z,13513.0
2024-01-28T13:30:00Z,13316.0
2024-01-28T14:00:00Z,13270.0
2024-01-28T14:30:00Z,13332.0
2024-01-28T15:00:00Z,13272.0
2024-01-28T15:30:00Z,13519.0
2024-01-28T16:00:00Z,13866.0
2024-01-28T16:30:00Z,13931.0
2024-01-28T17:00:00Z,14255.0
2024-01-28T17:30:00Z,14439.0
2024-01-28T18:00:00Z,14262.0
2024-01-28T18:30:00Z,14047.0
2024-01-28T19:00:00Z,13632.0
2024-01-28T19:30:00Z,13162.0
2024-01-28T20:00:00Z,12878.0
2024-01-28T20:30:00Z,12400.0
2024-01-28T21:00:00Z,12151.0
2024-01-28T21:30:00Z,11717.0
2024-01-28T22:00:00Z,11484.0
2024-01-28T22:30:00Z,10969.0
2024-01-28T23:00:00Z,10198.0
2024-01-28T23:30:00Z,9898.0
2024-01-29T00:00:00Z,9682.0
2024-01-29T00:30:00Z,8765.0
2024-01-29T01:00:00Z,7980.0
2024-01-29T01:30:00Z,6853.0
2024-01-29T02:00:00Z,6149.0
2024-01-29T02:30:00Z,5889.0
2024-01-29T03:00:00Z,5568.0
2024-01-29T03:30:00Z,4809.0
2024-01-29T04:00:00Z,4336.0
2024-01-29T04:30:00Z,4145.0
2024-01-29T05:00:00Z,3962.0
2024-01-29T05:30:00Z,3754.0
2024-01-29T06:00:00Z,3626.0
2024-01-29T06:30:00Z,3748.0
2024-01-29T07:00:00Z,4031.0
2024-01-29T07:30:00Z,3996.0
2024-01-29T08:00:00Z,3909.0
2024-01-29T08:30:00Z,3880.0
2024-01-29T09:00:00Z,3928.0
2024-01-29T09:30:00Z,3582.0
2024-01-29T10:00:00Z,3337.0
2024-01-29T10:30:00Z,3493.0
2024-01-29T11:00:00Z,3669.0
2024-01-29T11:30:00Z,3321.0
2024-01-29T12:00:00Z,2918.0
2024-01-29T12:30:00Z,3004.0
2024-01-29T13:00:00Z,3078.0
2024-01-29T13:30:00Z,3405.0
2024-01-29T14:00:00Z,3761.0
2024-01-29T14:30:00Z,3948.0
2024-01-29T15:00:00Z,4342.0
2024-01-29T15:30:00Z,5053.0
2024-01-29T16:00:00Z,5949.0
2024-01-29T16:30:00Z,6769.0
2024-01-29T17:00:00Z,7372.0
2024-01-29T17:30:00Z,7538.0
2024-01-29T18:00:00Z,8035.0
2024-01-29T18:30:00Z,8669.0
2024-01-29T19:00:00Z,9019.0
2024-01-29T19:30:00Z,9221.0
2024-01-29T20:00:00Z,9178.0
2024-01-29T20:30:00Z,9171.0
2024-01-29T21:00:00Z,9077.0
2024-01-29T21:30:00Z,8994.0
2024-01-29T22:00:00Z,8875.0
2024-01-29T22:30:00Z,8784.0
2024-01-29T23:00:00Z,8699.0
2024-01-29T23:30:00Z,9021.0
2024-01-30T00:00:00Z,9135.0
2024-01-30T00:30:00Z,9551.0
2024-01-30T01:00:00Z,9883.0
2024-01-30T01:30:00Z,10064.0
2024-01-30T02:00:00Z,10237.0
2024-01-30T02:30:00Z,10203.0
2024-01-30T03:00:00Z,10370.0
2024-01-30T03:30:00Z,10407.0
2024-01-30T04:00:00Z,10203.0
2024-01-30T04:30:00Z,10038.0
2024-01-30T05:00:00Z,10076.0
2024-01-30T05:30:00Z,10233.0
2024-01-30T06:00:00Z,10215.0
2024-01-30T06:30:00Z,10197.0
2024-01-30T07:00:00Z,10107.0
2024-01-30T07:30:00Z,9934.0
2024-01-30T08:00:00Z,9672.0
2024-01-30T08:30:00Z,9438.0
2024-01-30T09:00:00Z,9195.0
2024-01-30T09:30:00Z,9069.0
2024-01-30T10:00:00Z,9066.0
2024-01-30T10:30:00Z,9243.0
2024-01-30T11:00:00Z,9565.0
2024-01-30T11:30:00Z,9283.0
2024-01-30T12:00:00Z,8628.0
2024-01-30T12:30:00Z,8437.0
2024-01-30T13:00:00Z,8442.0
2024-01-30T13:30:00Z,8412.0
2024-01-30T14:00:00Z,8626.0
2024-01-30T14:30:00Z,8149.0
2024-01-30T15:00:00Z,7823.0
2024-01-30T15:30:00Z,7826.0
2024-01-30T16:00:00Z,7604.0
2024-01-30T16:30:00Z,7238.0
2024-01-30T17:00:00Z,7193.0
2024-01-30T17:30:00Z,7008.0
2024-01-30T18:00:00Z,6626.0
2024-01-30T18:30:00Z,6483.0
2024-01-30T19:00:00Z,6415.0
2024-01-30T19:30:00Z,6509.0
2024-01-30T20:00:00Z,6622.0
2024-01-30T20:30:00Z,6700.0
2024-01-30T21:00:00Z,7217.0
2024-01-30T21:30:00Z,7247.0
2024-01-30T22:00:00Z,7214.0
2024-01-30T22:30:00Z,7688.0
2024-01-30T23:00:00Z,7592.0
2024-01-30T23:30:00Z,7049.0
2024-01-31T00:00:00Z,7009.0
2024-01-31T00:30:00Z,7207.0
2024-01-31T01:00:00Z,7248.0
2024-01-31T01:30:00Z,7371.0
2024-01-31T02:00:00Z,7463.0
2024-01-31T02:30:00Z,7964.0
2024-01-31T03:00:00Z,8175.0
2024-01-31T03:30:00Z,8432.0
2024-01-31T04:00:00Z,8687.0
2024-01-31T04:30:00Z,8908.0
2024-01-31T05:00:00Z,9519.0
2024-01-31T05:30:00Z,10010.0
2024-01-31T06:00:00Z,10509.0
2024-01-31T06:30:00Z,11156.0
2024-01-31T07:00:00Z,11728.0
2024-01-31T07:30:00Z,12411.0
2024-01-31T08:00:00Z,12836.0
2024-01-31T08:30:00Z,13321.0
2024-01-31T09:00:00Z,13747.0
2024-01-31T09:30:00Z,13602.0
2024-01-31T10:00:00Z,14183.0
2024-01-31T10:30:00Z,14245.0
2024-01-31T11:00:00Z,14352.0
2024-01-31T11:30:00Z,14739.0
2024-01-31T12:00:00Z,15177.0
2024-01-31T12:30:00Z,15701.0
2024-01-31T13:00:00Z,15997.0
2024-01-31T13:30:00Z,15868.0
2024-01-31T14:00:00Z,15818.0
2024-01-31T14:30:00Z,15691.0
2024-01-31T15:00:00Z,15911.0
2024-01-31T15:30:00Z,15865.0
2024-01-31T16:00:00Z,15762.0
2024-01-31T16:30:00Z,15544.0
2024-01-31T17:00:00Z,15683.0
2024-01-31T17:30:00Z,15654.0
2024-01-31T18:00:00Z,15411.0
2024-01-31T18:30:00Z,15736.0
2024-01-31T19:00:00Z,15812.0
2024-01-31T19:30:00Z,15661.0
2024-01-31T20:00:00Z,15684.0
2024-01-31T20:30:00Z,15827.0
2024-01-31T21:00:00Z,15757.0
2024-01-31T21:30:00Z,15719.0
2024-01-31T22:00:00Z,15490.0
2024-01-31T22:30:00Z,14908.0
2024-01-31T23:00:00Z,14595.0
2024-01-31T23:30:00Z,14355.0
